1,70,9,97.628,0,116.82,113,0.96727,6.4586,30.894,69.404,99.17,131.16,82.656,42.74,2,2,3,0.99991,0.89434,0.2989,0.33185,0.63125,0.36752,0.99981,0.99981,0.99987,NaN,NaN,NaN,NaN,NaN,NaN,NaN
2,254,1,90,0,34,34,1,3.7473,33.489,43.488,61.293,85.669,55.985,22.888,1,3,5,0.97351,0.86197,0.41958,0.55474,0.70245,0.25868,1,0.78259,0.79034,NaN,NaN,NaN,NaN,NaN,NaN,NaN
3,277,13,136.27,0,32.672,31.828,0.97416,4.85,21.703,34.415,52.44,74.994,45.888,23.142,1,3,9,0.83814,0.81006,0.8464,0.63945,0.78351,0.097293,1,0.78259,0.68236,NaN,NaN,NaN,NaN,NaN,NaN,NaN
4,428,11,111.8,0,57.009,53.852,0.94462,5.9364,22.976,42.495,59.9,93.55,54.73,29.954,1,3,6,0.99636,0.97902,0.89131,0.88293,0.9374,0.058596,1,0.99007,0.98136,NaN,NaN,NaN,NaN,NaN,NaN,NaN
5,336,16,115.07,0,71.406,68.447,0.95856,6.2208,29.336,39.321,51.786,69.768,47.553,17.427,1,3,8,0.95333,0.91287,0.86749,0.8797,0.90335,0.038444,1,0.92913,0.86931,NaN,NaN,NaN,NaN,NaN,NaN,NaN
13,284,29,123.06,0,78.621,75.166,0.95606,3.8409,24.24,34.148,47.496,67.43,43.328,18.681,1,4,10,0.99918,0.74627,0.82464,0.61567,0.79644,0.16031,1,0.80758,0.84715,NaN,NaN,NaN,NaN,NaN,NaN,NaN
15,366,42,106.49,0,196.84,186.68,0.94839,5.907,24.662,30.923,41.074,59.857,39.129,15.385,1,5,12,0.93704,0.94332,0.92429,0.88379,0.92211,0.026746,1,0.95417,0.93688,NaN,NaN,NaN,NaN,NaN,NaN,NaN
16,405,25,116.81,0,113.5,104.2,0.91806,6.3314,24.743,32.625,46.055,74.486,44.477,21.855,1,3,9,0.98511,0.977,0.9155,0.88421,0.94046,0.048701,1,0.99007,0.90075,NaN,NaN,NaN,NaN,NaN,NaN,NaN
17,354,22,88.919,0,64.994,53.009,0.81561,5.1939,21.149,33.095,48.661,65.952,42.214,19.425,1,3,9,0.98882,0.98853,0.97479,0.90412,0.96407,0.040499,1,0.92913,0.9327,NaN,NaN,NaN,NaN,NaN,NaN,NaN
19,79,24,96.52,3,36.948,35.228,0.95344,3.9599,24.043,57.777,84.943,116.34,70.777,39.286,2,3,3,0.99998,0.89003,0.29608,0.33005,0.62903,0.36786,0.99981,0.99987,0.99987,NaN,NaN,NaN,NaN,NaN,NaN,NaN
21,109,30,97.292,0,222.71,212.72,0.95514,7.0994,37.444,52.946,71.345,97.521,64.814,25.835,1,2,4,0.99981,0.89299,0.29802,0.44262,0.65836,0.3406,1,0.99991,0.90996,NaN,NaN,NaN,NaN,NaN,NaN,NaN
22,427,30,121.7,0,41.732,39.962,0.95759,3.0916,20.794,33.719,49.967,84.249,47.182,27.443,1,3,8,0.99618,0.91046,0.90912,0.80142,0.9043,0.079764,1,0.99007,0.91247,NaN,NaN,NaN,NaN,NaN,NaN,NaN
26,238,39,97.352,0,32.628,31.257,0.95798,4.7912,36.39,39.299,45.725,67.267,47.171,13.954,1,2,9,0.82321,0.56118,0.28589,0.40478,0.51877,0.23217,1,0.71218,0.36466,NaN,NaN,NaN,NaN,NaN,NaN,NaN
28,283,60,133.96,0,40.404,38.897,0.9627,5.3258,35.288,40.853,49.041,63.696,47.22,12.352,1,2,11,0.8121,0.79594,0.86249,0.63491,0.77636,0.098468,1,0.98195,0.79099,NaN,NaN,NaN,NaN,NaN,NaN,NaN
31,206,68,19.44,0,39.527,36.056,0.91218,5.0353,17.54,26.117,36.64,58.951,34.812,17.888,2,3,10,0.99809,0.96693,0.42721,0.27743,0.66741,0.36916,0.83557,0.83914,0.28935,NaN,NaN,NaN,NaN,NaN,NaN,NaN
32,173,74,72.372,0,120.47,112.27,0.93196,6.062,14.92,25.414,39.416,58.029,34.445,18.652,2,3,11,0.11361,0.36515,0.42122,0.18313,0.27078,0.14597,0.9827,0.37477,0.27576,NaN,NaN,NaN,NaN,NaN,NaN,NaN
34,214,67,52.765,0,36.633,31.401,0.85717,3.8509,18.737,26.777,37.92,58.444,35.469,17.218,2,4,11,0.8,0.52391,0.29063,0.31774,0.48307,0.23557,0.83557,0.60296,0.24243,NaN,NaN,NaN,NaN,NaN,NaN,NaN
35,337,61,103.24,0,42.804,34.928,0.816,4.4193,26.916,30.585,40.727,61.632,39.965,15.581,1,5,11,0.99999,0.99502,0.9067,0.87641,0.94453,0.062443,1,0.99477,0.89692,NaN,NaN,NaN,NaN,NaN,NaN,NaN
37,411,63,119.93,0,40.95,38.079,0.92988,3.3918,28.849,34.778,44.451,71.006,44.771,18.635,1,2,10,0.83668,0.85806,0.92109,0.80655,0.8556,0.048508,1,0.8532,0.90758,NaN,NaN,NaN,NaN,NaN,NaN,NaN
40,366,68,109.36,0,46.766,39.217,0.83858,4.6157,27.916,33.681,41.495,60.581,40.918,14.24,1,4,13,0.99839,0.97629,0.93676,0.88304,0.94862,0.05061,1,0.99626,0.94039,NaN,NaN,NaN,NaN,NaN,NaN,NaN
42,337,85,109.16,0,104.44,100.57,0.9629,4.343,21.708,31.467,46.438,65.272,41.221,18.987,1,4,9,0.99985,0.98715,0.91523,0.89782,0.95001,0.050981,1,0.99349,0.91443,NaN,NaN,NaN,NaN,NaN,NaN,NaN
43,246,74,87.357,0,69.415,65.069,0.9374,5.7441,34.33,37.167,44.886,59.678,44.015,11.355,1,1,10,0.71218,0.14941,0.23226,0.35559,0.36236,0.24812,1,1,0.31637,NaN,NaN,NaN,NaN,NaN,NaN,NaN
46,410,84,88.493,0,43.723,38.013,0.86942,5.2776,30.018,39.276,50.845,72.961,48.275,18.532,1,2,9,0.85388,0.91838,0.9439,0.83125,0.88685,0.053001,1,0.8532,0.89922,NaN,NaN,NaN,NaN,NaN,NaN,NaN
47,173,82,61.699,0,32.59,29.53,0.90609,4.5689,11.159,23.176,36.852,55.014,31.55,18.838,3,3,11,0.29565,0.29819,0.38399,0.1847,0.29063,0.081689,0.37477,0.37477,0.27576,NaN,NaN,NaN,NaN,NaN,NaN,NaN
48,121,88,68.552,0,31.694,30.083,0.94919,6.6003,36.368,42.902,51.771,69.827,50.217,14.517,1,2,8,0.7446,0.31902,0.31142,0.32444,0.42487,0.21322,1,0.080013,0.31071,NaN,NaN,NaN,NaN,NaN,NaN,NaN
49,140,116,163.14,0,78.883,68.964,0.87426,6.934,16.213,25.117,36.603,54.459,33.098,16.506,2,5,12,0.4017,0.21853,0.48282,0.10532,0.30209,0.17155,0.7446,0.025803,0.0018861,NaN,NaN,NaN,NaN,NaN,NaN,NaN
52,167,95,145.18,0,34.712,28.018,0.80716,6.3334,18.079,27.091,37.133,52.47,33.693,14.74,2,4,15,0.9827,0.50093,0.50028,0.17213,0.53901,0.33387,0.11361,0.051015,0.10429,NaN,NaN,NaN,NaN,NaN,NaN,NaN
53,205,95,56.31,0,35.87,32.45,0.90465,6.4362,28.215,31.294,36.776,52.837,37.28,10.959,1,4,14,0.83557,0.40332,0.1752,0.13707,0.38779,0.32083,1,0.43724,0.19283,NaN,NaN,NaN,NaN,NaN,NaN,NaN
54,318,89,102.26,0,48.39,47.074,0.97281,4.317,26.627,37.775,52.532,66.228,45.791,17.269,1,3,10,0.99468,0.91758,0.94661,0.87593,0.9337,0.049939,1,0.99436,0.94323,NaN,NaN,NaN,NaN,NaN,NaN,NaN
55,512,139,-0,0,79.419,77,0.96954,6.4393,62.67,84.108,107.62,128.48,95.72,28.531,1,1,3,0.98062,0.83876,0.79883,0.69392,0.82803,0.11866,1,1,0.32769,NaN,NaN,NaN,NaN,NaN,NaN,NaN
56,133,125,25.017,0,59.05,49.659,0.84097,5.818,12.912,26.236,38.13,55.248,33.132,17.986,3,3,12,0.31218,0.44997,0.26517,0.22318,0.31263,0.098517,0.16766,0.16766,0.15986,NaN,NaN,NaN,NaN,NaN,NaN,NaN
60,373,118,113.52,0,97.526,92.704,0.95056,4.8158,49.543,51.896,58.998,75.062,58.875,11.516,1,1,9,0.93567,0.94885,0.93297,0.78869,0.90155,0.075557,1,1,0.93904,NaN,NaN,NaN,NaN,NaN,NaN,NaN
64,226,122,149.47,0,48.307,45.277,0.93728,6.3651,20.911,29.438,41.421,53.731,36.375,14.306,2,5,17,0.88617,0.39162,0.32672,0.23285,0.45934,0.29192,0.91087,0.51304,0.28914,NaN,NaN,NaN,NaN,NaN,NaN,NaN
65,239,127,125.1,0,51.685,45.222,0.87494,4.427,21.83,30.36,40.367,55.601,37.04,14.509,2,3,15,0.99841,0.86578,0.42937,0.23326,0.6317,0.36007,0.91087,0.90965,0.25658,NaN,NaN,NaN,NaN,NaN,NaN,NaN
68,259,186,125.35,0,225.27,210.87,0.93611,5.0208,15.783,23.965,33.683,51.165,31.149,15.219,2,5,14,0.16591,0.44627,0.6477,0.64019,0.47502,0.22618,0.4233,0.54628,0.68716,NaN,NaN,NaN,NaN,NaN,NaN,NaN
69,219,149,152.7,0,35.462,34.886,0.98374,5.1907,25.048,28.131,39.971,52.83,36.495,12.648,1,5,15,0.97572,0.62509,0.55716,0.4683,0.65657,0.22224,1,0.6718,0.47782,NaN,NaN,NaN,NaN,NaN,NaN,NaN
72,141,137,91.332,0,47.59,43.012,0.9038,4.9483,17.723,23.079,35.622,51.079,31.876,14.838,2,5,14,0.7446,0.042656,0.036512,0.10946,0.23331,0.34246,0.4017,0.17148,0.13358,NaN,NaN,NaN,NaN,NaN,NaN,NaN
74,274,151,123.69,0,41.957,39.661,0.94527,4.449,20.179,30.219,40.861,56.572,36.957,15.566,2,3,13,0.88735,0.88683,0.54834,0.54735,0.71747,0.19586,0.99655,0.88096,0.69141,NaN,NaN,NaN,NaN,NaN,NaN,NaN
77,167,154,116.57,0,56.45,53.666,0.95067,5.6706,18.201,24.383,35.686,49.514,31.946,13.768,2,5,16,0.034882,0.14882,0.17276,0.15128,0.12693,0.062303,0.66827,0.31301,0.27062,NaN,NaN,NaN,NaN,NaN,NaN,NaN
78,271,142,118.93,0,45.662,43.417,0.95083,3.9553,22.414,32.112,41.875,57.616,38.504,15.015,2,3,10,0.9997,0.87989,0.55288,0.5473,0.74494,0.23026,0.99655,0.88096,0.60912,NaN,NaN,NaN,NaN,NaN,NaN,NaN
79,197,152,162.12,0,33.339,32.573,0.97702,6.6054,26.135,31.589,39.84,53.114,37.67,11.737,1,5,16,0.80763,0.39067,0.35337,0.28079,0.45811,0.23743,1,0.84686,0.39206,NaN,NaN,NaN,NaN,NaN,NaN,NaN
81,156,158,68.499,0,37.587,35.468,0.94364,6.1868,18.756,24.982,32.664,50.235,31.659,13.628,2,5,15,0.90458,0.58616,0.2503,0.27824,0.50482,0.30689,0.66827,0.53474,0.24122,NaN,NaN,NaN,NaN,NaN,NaN,NaN
83,302,164,91.469,0,43.537,39.013,0.89609,3.9552,33.303,37.698,47.073,62.734,45.202,13.023,1,3,10,0.99925,0.99605,0.76707,0.77108,0.88336,0.13198,1,0.88096,0.75392,NaN,NaN,NaN,NaN,NaN,NaN,NaN
84,176,177,160.5,0,58.564,50.922,0.86951,5.4095,26.142,31.413,40.492,54.692,38.185,12.499,1,4,15,0.66827,0.43879,0.36634,0.29499,0.4421,0.16181,1,0.33908,0.33148,NaN,NaN,NaN,NaN,NaN,NaN,NaN
88,336,175,125.91,0,37.211,35.805,0.96223,5.4986,35.875,43.08,52.56,64.65,49.041,12.449,1,1,11,0.9429,0.52758,0.71083,0.80868,0.7475,0.17477,1,1,0.76678,NaN,NaN,NaN,NaN,NaN,NaN,NaN
91,372,176,110.92,0,37.875,36.401,0.96106,5.9375,33.015,37.577,49.573,71.499,47.916,17.203,1,2,8,0.86484,0.6032,0.70716,0.71996,0.72379,0.10759,1,0.96524,0.75312,NaN,NaN,NaN,NaN,NaN,NaN,NaN
94,123,179,0,0,33.298,31,0.93098,5.6131,9.8421,22.645,36.855,55.868,31.303,19.747,3,4,12,0.92386,0.84043,0.46298,0.31093,0.63455,0.29453,0.33333,0.49407,0.27963,NaN,NaN,NaN,NaN,NaN,NaN,NaN
95,129,180,90,0,55.881,51,0.91266,5.1969,8.1404,21.237,34.734,54.987,29.775,20.01,3,5,11,0.38274,0.35308,0.24024,0.20046,0.29413,0.087569,0.33333,0.4753,0.31887,NaN,NaN,NaN,NaN,NaN,NaN,NaN
96,251,189,10.305,0,36.096,33.541,0.9292,4.3541,15.007,23.385,35.602,51.416,31.353,15.824,2,4,14,0.84352,0.89919,0.85015,0.74174,0.83365,0.066113,0.4233,0.4411,0.66341,NaN,NaN,NaN,NaN,NaN,NaN,NaN
99,489,173,99.866,0,57.263,46.69,0.81537,4.5016,49.134,69.676,87.983,106.02,78.204,24.409,1,1,3,0.63726,0.67998,0.55632,0.5179,0.59787,0.07397,1,1,0.44204,NaN,NaN,NaN,NaN,NaN,NaN,NaN
102,232,179,92.862,0,44.885,40.05,0.89228,5.5124,24.682,30.774,40.331,52.003,36.947,11.926,1,5,15,0.4233,0.52189,0.59158,0.67633,0.55328,0.10722,1,0.44449,0.66414,NaN,NaN,NaN,NaN,NaN,NaN,NaN
103,131,190,112.5,0,77.28,75.769,0.98045,8.2719,11.9,23.017,38.279,55.598,32.198,18.981,3,4,12,6.1232e-17,0.40871,0.46739,0.23114,0.27681,0.2101,0.33333,0.49407,0.39362,NaN,NaN,NaN,NaN,NaN,NaN,NaN
107,288,208,123.69,0,78.081,72.111,0.92354,5.0997,20.509,29.216,38.794,53.323,35.461,14.056,2,4,13,0.90524,0.93864,0.67172,0.74761,0.8158,0.12715,0.98058,0.95178,0.74196,NaN,NaN,NaN,NaN,NaN,NaN,NaN
110,58,197,88.438,0,113.73,110.04,0.96756,5.6592,44.964,48.927,55.487,70.314,54.923,11.141,1,1,8,0.98533,0.61528,0.51258,0.46617,0.64484,0.23539,1,1,0.47936,NaN,NaN,NaN,NaN,NaN,NaN,NaN
113,372,215,172.69,0,42.343,39.319,0.92859,5.9463,8.4328,18.576,35.852,56.009,29.718,20.865,3,4,13,0.75073,0.86831,0.81807,0.79529,0.8081,0.048923,0.48368,0.54239,0.77152,NaN,NaN,NaN,NaN,NaN,NaN,NaN
116,110,208,103.67,0,38.388,38.079,0.99194,8.5203,29.72,32.197,41.904,57.867,40.422,12.764,1,5,14,0.38274,0.48849,0.35658,0.44349,0.41782,0.059539,1,0.59022,0.4712,NaN,NaN,NaN,NaN,NaN,NaN,NaN
117,371,206,95.774,0,92.438,89.454,0.96772,4.6411,12.29,20.514,37.886,59.075,32.441,20.715,3,5,12,0.81337,0.6389,0.75562,0.76541,0.74333,0.074049,0.48368,0.61769,0.76381,NaN,NaN,NaN,NaN,NaN,NaN,NaN
118,414,219,114.54,0,54.187,50.567,0.93319,5.6358,35.781,39.429,44.223,62.687,45.53,11.949,1,2,10,0.79175,0.69963,0.69691,0.71884,0.72678,0.044399,1,0.85643,0.68499,NaN,NaN,NaN,NaN,NaN,NaN,NaN
119,484,230,129.59,0,77.908,67.476,0.86609,4.5315,54.453,55.464,65.724,87.366,65.752,15.283,1,1,7,0.98458,0.54468,0.6486,0.54414,0.6805,0.20858,1,1,0.65928,NaN,NaN,NaN,NaN,NaN,NaN,NaN
121,193,214,96.203,0,49.346,46.271,0.93768,5.2305,46.56,52.551,58.421,66.086,55.905,8.3378,1,1,10,0.3805,0.65058,0.52067,0.48818,0.50998,0.11124,1,1,0.43265,NaN,NaN,NaN,NaN,NaN,NaN,NaN
122,260,209,109.86,0,39.559,38.275,0.96756,4.1784,22.477,24.617,36.835,55.451,34.845,15.123,1,6,14,0.4233,0.63113,0.64554,0.74041,0.6101,0.13363,1,0.60018,0.68024,NaN,NaN,NaN,NaN,NaN,NaN,NaN
123,367,221,137.12,0,39.451,38.21,0.96854,4.1526,11.405,20.903,36.563,54.757,30.907,18.984,4,4,13,0.42696,0.57915,0.6713,0.73628,0.60342,0.13415,0.54239,0.54239,0.76115,NaN,NaN,NaN,NaN,NaN,NaN,NaN
124,196,274,132.81,0,207.9,203.09,0.97686,5.9017,36.852,46.017,59.667,75.719,54.564,16.935,1,2,7,0.86174,0.84929,0.83286,0.69421,0.80952,0.077782,1,0.92484,0.79883,NaN,NaN,NaN,NaN,NaN,NaN,NaN
126,91,238,100.19,0,144.95,130.05,0.8972,5.9408,14.984,24.156,34.21,50.447,30.949,15.186,2,5,14,0.47154,0.28846,0.45005,0.5377,0.43694,0.10578,0.50269,0.36083,0.46941,NaN,NaN,NaN,NaN,NaN,NaN,NaN
129,283,220,135,0,30.881,29.698,0.96171,5.4969,19.248,26.685,36.819,54.444,34.299,15.239,2,4,14,0.97099,0.97248,0.73965,0.77309,0.86405,0.12509,0.98058,0.9407,0.74401,NaN,NaN,NaN,NaN,NaN,NaN,NaN
132,54,245,148.67,0,60.594,53.852,0.88872,7.213,20.258,25.741,32.852,49.491,32.086,12.698,1,5,16,0.90278,0.8856,0.46448,0.42186,0.66868,0.26107,1,0.90236,0.51521,NaN,NaN,NaN,NaN,NaN,NaN,NaN
135,431,245,145.62,0,47.691,46.043,0.96546,6.1601,22.179,27.356,39.453,59.451,37.11,16.56,1,5,12,0.98661,0.8421,0.74488,0.62718,0.80019,0.15221,1,0.87335,0.58363,NaN,NaN,NaN,NaN,NaN,NaN,NaN
136,70,237,158.5,0,41.438,35.468,0.85593,5.1772,19.456,22.371,34.473,50.384,31.671,14.068,1,5,16,0.66282,0.32636,0.51399,0.56679,0.51749,0.14153,1,0.39196,0.51187,NaN,NaN,NaN,NaN,NaN,NaN,NaN
138,376,233,107.97,0,47.084,38.897,0.82612,5.4131,16.72,24.609,38.701,53.411,33.36,16.167,2,5,15,0.81337,0.58395,0.69472,0.74444,0.70912,0.096595,0.87333,0.56473,0.73901,NaN,NaN,NaN,NaN,NaN,NaN,NaN
141,320,249,136.68,0,49.814,48.104,0.96567,4.7134,8.2059,22.18,36.865,55.392,30.661,20.218,3,3,14,0.96279,0.87589,0.90364,0.76973,0.87801,0.080771,0.9745,0.9745,0.80632,NaN,NaN,NaN,NaN,NaN,NaN,NaN
142,268,242,112.62,0,41.169,39,0.94731,6.2459,30.291,36.157,45.533,62.821,43.7,14.209,1,2,11,0.90524,0.95093,0.71748,0.71998,0.82341,0.12231,1,0.92468,0.72857,NaN,NaN,NaN,NaN,NaN,NaN,NaN
143,23,248,122.38,0,50.952,48.549,0.95283,6.3387,17.352,25.209,38.602,59.999,35.29,18.663,2,5,11,0.65885,0.64638,0.48126,0.39426,0.54519,0.12913,0.92322,0.67114,0.59813,NaN,NaN,NaN,NaN,NaN,NaN,NaN
145,322,252,142.25,0,85.68,78.409,0.91514,4.1597,8.3028,20.818,37.361,56.249,30.683,20.788,3,5,13,0.98447,0.90603,0.91624,0.77315,0.89497,0.088363,0.9745,0.87732,0.79167,NaN,NaN,NaN,NaN,NaN,NaN,NaN
146,95,246,40.365,0,30.002,26.249,0.87491,5.9397,17.757,23.212,34.221,49.635,31.206,14.065,2,5,15,0.52529,0.61317,0.72466,0.63141,0.62364,0.081746,0.50269,0.31414,0.60766,NaN,NaN,NaN,NaN,NaN,NaN,NaN
147,21,244,99.782,0,34.826,29.428,0.845,5.4819,18.744,27.433,40.49,62.584,37.313,19.072,2,3,11,0.89656,0.82847,0.55026,0.41388,0.67229,0.22829,0.92322,0.77219,0.59813,NaN,NaN,NaN,NaN,NaN,NaN,NaN
152,401,261,154.18,0,35.528,34.438,0.96933,6.3764,30.242,33.005,39.022,56.175,39.611,11.635,1,5,13,0.62994,0.70705,0.76441,0.73841,0.70995,0.058267,1,0.68768,0.67204,NaN,NaN,NaN,NaN,NaN,NaN,NaN
154,440,261,155.7,0,34.944,34.015,0.97341,5.1125,15.906,25.06,37.858,62.279,35.276,20.128,2,4,10,0.99993,0.87178,0.77439,0.55261,0.79968,0.18884,0.98661,0.86569,0.6519,NaN,NaN,NaN,NaN,NaN,NaN,NaN
155,310,257,126.57,0,41.575,38.601,0.92846,3.4907,12.903,22.009,37.446,59.254,32.903,20.279,3,5,12,0.99528,0.84766,0.89332,0.69831,0.85864,0.12342,0.9745,0.87732,0.78653,NaN,NaN,NaN,NaN,NaN,NaN,NaN
158,150,290,140.94,0,92.08,88.865,0.96508,5.4141,32.535,37.828,42.934,56.618,42.479,10.338,1,3,13,0.99779,0.9941,0.68777,0.61011,0.82244,0.20284,1,0.8911,0.59082,NaN,NaN,NaN,NaN,NaN,NaN,NaN
159,70,261,133.03,0,44.135,41.037,0.9298,3.603,23.314,26.732,33.325,45.689,32.265,9.8671,1,6,16,0.98533,0.25487,0.46593,0.48109,0.54681,0.31005,1,0.48846,0.49968,NaN,NaN,NaN,NaN,NaN,NaN,NaN
161,172,267,110.45,0,67.743,62.968,0.92952,5.59,28.414,42.392,53.868,69.664,48.584,17.488,1,3,7,0.98994,0.8274,0.85937,0.65544,0.83304,0.1377,1,0.90134,0.87649,NaN,NaN,NaN,NaN,NaN,NaN,NaN
162,40,273,148.57,0,43.397,42.19,0.97219,5.3479,30.737,31.272,36.801,49.913,37.181,8.9197,1,6,16,0.78381,0.69355,0.60756,0.42836,0.62832,0.15149,1,0.68198,0.36448,NaN,NaN,NaN,NaN,NaN,NaN,NaN
163,431,271,146.31,0,43.035,39.661,0.9216,4.3488,16.435,22.019,35.497,60.588,33.635,19.67,2,6,12,0.76047,0.67632,0.57899,0.56322,0.64475,0.091941,0.98661,0.72752,0.61278,NaN,NaN,NaN,NaN,NaN,NaN,NaN
165,5,278,171.25,0,40.812,39.459,0.96684,5.9286,29.597,33.031,46.099,66.939,43.916,16.915,1,3,8,0.78381,0.67383,0.49646,0.41611,0.59255,0.16688,1,0.36468,0.37597,NaN,NaN,NaN,NaN,NaN,NaN,NaN
166,107,285,112.75,0,106.74,100.85,0.9448,4.89,17.422,23.076,31.507,46.151,29.539,12.496,2,6,17,0.9253,0.43652,0.27917,0.47536,0.52909,0.27743,0.93497,0.5088,0.45375,NaN,NaN,NaN,NaN,NaN,NaN,NaN
168,108,271,91.975,0,32.596,29.017,0.89021,5.7395,21.107,28.057,34.646,47.413,32.806,11.198,2,4,16,0.3026,0.57316,0.40237,0.50633,0.44611,0.11871,0.93497,0.56653,0.48148,NaN,NaN,NaN,NaN,NaN,NaN,NaN
169,493,285,3.5763,0,37.394,32.062,0.85742,5.1125,56.956,58.922,70.038,94.595,70.128,17.299,1,1,7,0.89797,0.85828,0.73923,0.48375,0.74481,0.18665,1,1,0.69212,NaN,NaN,NaN,NaN,NaN,NaN,NaN
173,82,306,148.74,0,69.292,65.513,0.94547,4.1654,12.021,21.439,29.992,45.424,27.219,14.183,2,6,18,0.10085,0.17042,0.50149,0.45239,0.30629,0.20009,0.90057,0.38234,0.48482,NaN,NaN,NaN,NaN,NaN,NaN,NaN
179,338,283,110.41,0,50.776,45.88,0.90359,4.7749,31.977,35.159,51.109,69.542,46.947,17.233,1,4,9,0.79866,0.88325,0.78648,0.75295,0.80533,0.055422,1,0.87589,0.84974,NaN,NaN,NaN,NaN,NaN,NaN,NaN
180,309,281,105.26,0,39.61,34.205,0.86355,3.9541,26.545,29.677,49.998,69.781,44,20.087,1,4,8,0.96047,0.91309,0.91129,0.78847,0.89333,0.07352,1,0.87589,0.89357,NaN,NaN,NaN,NaN,NaN,NaN,NaN
182,408,289,95.356,0,37.574,32.14,0.85538,4.8583,27.94,30.174,43.452,64.089,41.414,16.595,1,5,8,0.77739,0.7668,0.76549,0.60666,0.72909,0.081788,1,0.70563,0.70297,NaN,NaN,NaN,NaN,NaN,NaN,NaN
183,435,290,115.2,0,44.495,37.577,0.84451,3.9584,23.218,25.83,40.68,66.148,38.969,19.684,1,5,10,0.62994,0.63321,0.59903,0.47233,0.58363,0.075778,1,0.69612,0.6359,NaN,NaN,NaN,NaN,NaN,NaN,NaN
185,119,302,114.26,0,86.132,77.878,0.90417,7.3158,20.266,25.624,32.327,47.306,31.38,11.707,1,6,17,0.077243,0.52535,0.48041,0.52059,0.4009,0.21671,1,0.48587,0.54641,NaN,NaN,NaN,NaN,NaN,NaN,NaN
187,20,297,83.991,0,39.237,38.21,0.97383,8.258,26.664,31.343,43.902,58.437,40.087,14.235,1,4,14,0.25576,0.42963,0.52326,0.48647,0.42378,0.11845,1,0.32789,0.49883,NaN,NaN,NaN,NaN,NaN,NaN,NaN
193,102,312,27.181,0,44.136,41.593,0.94238,6.1157,18.108,19.53,29.091,45.932,28.165,12.81,1,7,15,0.84938,0.69416,0.6416,0.60089,0.69651,0.10883,1,0.4568,0.57699,NaN,NaN,NaN,NaN,NaN,NaN,NaN
196,83,303,122.97,0,50.198,44.102,0.87856,4.3495,12.093,21.624,30.119,44.733,27.142,13.847,2,6,18,0.52332,0.46219,0.40734,0.37849,0.44283,0.063907,0.90057,0.38234,0.48482,NaN,NaN,NaN,NaN,NaN,NaN,NaN
198,430,317,106.82,0,51.205,44.922,0.87729,6.1437,31.534,39.81,52.628,73.019,49.248,18.068,1,3,8,0.94061,0.40391,0.38696,0.52215,0.56341,0.25856,1,0.96009,0.46763,NaN,NaN,NaN,NaN,NaN,NaN,NaN
201,159,332,106.01,0,127.2,119.64,0.94054,5.8765,23.094,30.429,42.909,58.655,38.772,15.576,1,4,13,0.9334,0.82868,0.58794,0.7198,0.76746,0.14808,1,0.91511,0.70716,NaN,NaN,NaN,NaN,NaN,NaN,NaN
202,181,322,114.84,0,60.141,59.506,0.98944,5.9406,33.443,39.096,46.419,61.74,45.175,12.255,1,2,12,0.93704,0.9067,0.81772,0.72858,0.84751,0.094077,1,0.98814,0.86336,NaN,NaN,NaN,NaN,NaN,NaN,NaN
203,28,325,96.072,0,48.775,47.265,0.96905,9.909,25.973,34.207,44.068,59.543,40.948,14.436,1,3,11,0.28402,0.10577,0.35485,0.40159,0.28656,0.12986,1,0.36074,0.44162,NaN,NaN,NaN,NaN,NaN,NaN,NaN
204,8,336,10.491,0,60.642,54.918,0.90561,5.5433,31.815,42.819,53.38,72.111,50.031,17.152,1,2,9,0.97785,0.91574,0.47744,0.55151,0.73063,0.2527,1,0.07705,0.32934,NaN,NaN,NaN,NaN,NaN,NaN,NaN
206,243,334,151.56,0,30.761,27.295,0.8873,6.6598,26.143,30.708,46.707,66.905,42.616,18.438,1,4,11,1,0.95732,0.94287,0.90974,0.95248,0.037418,1,0.89201,0.88354,NaN,NaN,NaN,NaN,NaN,NaN,NaN
208,106,328,82.405,0,32.69,30.265,0.92584,5.3487,22.781,28.022,34.295,47.813,33.228,10.803,1,5,15,0.050938,0.43426,0.47002,0.67938,0.40865,0.26183,1,0.35538,0.62161,NaN,NaN,NaN,NaN,NaN,NaN,NaN
212,169,363,126.45,0,119.18,109.4,0.91796,4.3153,32.24,39.993,50.983,65.08,47.074,14.256,1,3,10,0.97743,0.94375,0.91336,0.74294,0.89437,0.10429,1,0.89257,0.90977,NaN,NaN,NaN,NaN,NaN,NaN,NaN
213,223,338,119.93,0,39.532,38.079,0.96325,4.3445,27.264,36.273,45.104,63.752,43.098,15.577,1,3,10,0.85098,0.8769,0.88503,0.85458,0.86687,0.016672,1,0.86903,0.89405,NaN,NaN,NaN,NaN,NaN,NaN,NaN
214,65,343,82.093,0,37.821,36.346,0.96099,6.2423,26.19,34.296,40.32,51.717,38.131,10.75,2,2,16,0.99739,0.46888,0.47934,0.5391,0.62118,0.25271,0.3291,0.3291,0.54694,NaN,NaN,NaN,NaN,NaN,NaN,NaN
215,71,333,152.88,0,49.11,46.065,0.938,5.447,20.408,27.121,37.699,50.091,33.83,12.968,2,5,18,0.39645,0.56528,0.51987,0.55621,0.50946,0.077849,0.3291,0.30967,0.54411,NaN,NaN,NaN,NaN,NaN,NaN,NaN
216,87,387,118.59,0,200.12,190.18,0.95035,6.8348,17.128,26.789,37.051,51.928,33.224,14.888,2,4,17,0.99469,0.97593,0.86308,0.66095,0.87366,0.15326,0.97695,0.9832,0.80287,NaN,NaN,NaN,NaN,NaN,NaN,NaN
217,264,358,119.9,0,51.238,46.141,0.90052,4.0575,15.265,24.472,37.286,68.97,36.498,23.456,2,4,9,0.94251,0.82764,0.85317,0.88927,0.87815,0.049802,0.94264,0.8918,0.8685,NaN,NaN,NaN,NaN,NaN,NaN,NaN
219,142,346,93.814,0,30.571,30.067,0.98351,5.6935,26.964,32.562,41.844,57.196,39.642,13.214,1,4,15,0.93704,0.83795,0.61268,0.67982,0.76687,0.14761,1,0.90714,0.72828,NaN,NaN,NaN,NaN,NaN,NaN,NaN
222,269,361,139.4,0,30.256,27.659,0.91416,5.6067,17.233,25.75,38.581,69.764,37.832,23.025,2,6,9,1,0.84522,0.87339,0.905,0.9059,0.067316,0.94264,0.86647,0.8685,NaN,NaN,NaN,NaN,NaN,NaN,NaN
224,426,367,8.3659,0,36.676,34.366,0.93701,4.243,32.653,40.838,58.673,80.903,53.267,21.388,1,2,6,0.86127,0.43369,0.53737,0.52836,0.59017,0.18671,1,0.18071,0.22374,NaN,NaN,NaN,NaN,NaN,NaN,NaN
226,117,372,119.15,0,63.553,59.54,0.93685,5.3181,34.805,36.774,45.345,56.792,43.429,10.015,1,3,14,0.90798,0.95002,0.86555,0.66175,0.84633,0.12779,1,0.91682,0.66159,NaN,NaN,NaN,NaN,NaN,NaN,NaN
227,37,377,111.95,0,77.261,72.236,0.93496,9.1157,30.023,39.9,46.62,60.057,44.15,12.607,1,2,11,0.93866,0.45258,0.6086,0.64405,0.66097,0.20295,1,0.98575,0.63656,NaN,NaN,NaN,NaN,NaN,NaN,NaN
230,241,367,119.88,0,60.03,54.203,0.90294,4.4725,24.064,27.456,35.833,64.812,38.041,18.52,1,6,10,0.97049,0.82098,0.85319,0.86296,0.87691,0.064918,1,0.93742,0.87765,NaN,NaN,NaN,NaN,NaN,NaN,NaN
234,226,385,105.95,0,72.041,65.521,0.9095,4.3671,19.526,33.191,43.527,63.716,39.99,18.623,2,3,10,0.99065,0.99295,0.89252,0.87536,0.93787,0.062675,0.99435,0.98029,0.89405,NaN,NaN,NaN,NaN,NaN,NaN,NaN
237,468,390,10.305,0,38.755,33.541,0.86546,4.2022,38.442,46.614,58.643,86.555,57.563,21.033,1,2,7,0.29895,0.062315,0.47814,0.51009,0.33737,0.20557,1,0.86824,0.22373,NaN,NaN,NaN,NaN,NaN,NaN,NaN
240,277,391,107.02,0,55.082,51.245,0.93032,4.0391,25.537,32.452,48.29,73.366,44.911,21.226,1,3,9,0.99999,0.94331,0.87475,0.90234,0.9301,0.054447,1,0.86421,0.8685,NaN,NaN,NaN,NaN,NaN,NaN,NaN
241,84,392,106.26,0,52.824,50,0.94654,5.812,16.425,25.559,34.92,51.689,32.148,15.057,2,5,15,0.99373,0.94426,0.9332,0.80275,0.91848,0.081521,0.97695,0.92943,0.82486,NaN,NaN,NaN,NaN,NaN,NaN,NaN
242,425,388,87.955,0,30.897,28.018,0.90682,4.456,23.598,38.569,56.027,81.138,49.833,24.722,1,3,7,0.34415,0.42026,0.39633,0.52887,0.4224,0.077766,1,0.25199,0.22373,NaN,NaN,NaN,NaN,NaN,NaN,NaN
243,37,393,102.26,0,72.007,70.612,0.98063,6.5444,28.863,35.981,44.353,59.546,42.185,13.192,1,3,11,0.89557,0.90505,0.82247,0.6624,0.82137,0.11222,1,0.86322,0.63285,NaN,NaN,NaN,NaN,NaN,NaN,NaN
245,214,395,112.04,0,50.097,45.31,0.90444,3.9579,27.259,41.047,51.485,65.287,46.269,16.099,2,3,12,0.97059,0.93448,0.9276,0.89053,0.9308,0.032804,0.99435,0.98029,0.88592,NaN,NaN,NaN,NaN,NaN,NaN,NaN
247,361,390,130.46,0,50.153,44.688,0.89103,4.153,48.232,56.124,71.795,92.133,67.071,19.367,1,1,3,0.9896,0.80809,0.62685,0.62121,0.76144,0.17513,1,1,0.95839,NaN,NaN,NaN,NaN,NaN,NaN,NaN
249,297,390,139.14,0,55.644,48.918,0.87912,4.4017,30.168,41.711,55.167,79.653,51.675,21.267,1,3,7,0.84453,0.92073,0.86467,0.89984,0.88244,0.034261,1,0.86421,0.85903,NaN,NaN,NaN,NaN,NaN,NaN,NaN
250,407,407,118.5,0,41.068,39.825,0.96972,7.9175,35.228,45.434,60.343,82.455,55.865,20.508,1,2,6,0.18071,0.40724,0.29048,0.51297,0.34785,0.14378,1,0.86127,0.3549,NaN,NaN,NaN,NaN,NaN,NaN,NaN
252,62,428,104.7,0,134.91,126.13,0.93492,5.6705,7.8113,23.608,35.647,52.151,29.804,18.758,3,4,15,0.96225,0.88915,0.88322,0.79987,0.88362,0.066405,0.88803,0.87987,0.78488,NaN,NaN,NaN,NaN,NaN,NaN,NaN
257,123,438,123.54,0,112.63,106.78,0.94808,5.1445,21.602,26.687,42.273,57.777,37.084,16.36,1,5,13,0.98998,0.93733,0.69746,0.80212,0.85672,0.13241,1,0.94618,0.77006,NaN,NaN,NaN,NaN,NaN,NaN,NaN
259,66,423,138.37,0,39.605,36.125,0.91213,5.1169,4.7827,21.712,33.429,51.035,27.74,19.48,3,5,15,0.95172,0.97031,0.92255,0.7585,0.90077,0.096861,0.88803,0.88886,0.78463,NaN,NaN,NaN,NaN,NaN,NaN,NaN
260,69,422,122.57,0,43.849,42.72,0.97425,4.8446,6.1909,21.05,33.47,50.74,27.863,18.894,3,4,15,0.83225,0.89261,0.8884,0.74417,0.83936,0.069165,0.88803,0.88913,0.78463,NaN,NaN,NaN,NaN,NaN,NaN,NaN
262,105,409,112.17,0,34.023,29.155,0.85692,4.9483,27.722,31.963,37.975,54.05,37.927,11.542,1,4,12,0.97695,0.97143,0.93417,0.76602,0.91214,0.099252,1,0.97426,0.91388,NaN,NaN,NaN,NaN,NaN,NaN,NaN
263,151,447,134.61,0,106.79,103.95,0.97337,3.9515,19.79,26.642,40.387,61.083,36.975,18.211,2,4,11,0.98998,0.95807,0.90565,0.82147,0.91879,0.07361,0.89132,0.94076,0.91673,NaN,NaN,NaN,NaN,NaN,NaN,NaN
265,207,449,134.55,0,91.193,89.805,0.98478,5.0497,26.077,34.705,44.872,62.242,41.974,15.543,1,3,11,0.99314,0.9732,0.93521,0.92267,0.95606,0.032752,1,0.9952,0.92735,NaN,NaN,NaN,NaN,NaN,NaN,NaN
267,341,433,110.22,0,64.33,60.745,0.94428,7.6824,54.473,64.108,81.084,98.993,74.664,19.598,1,1,3,0.98854,0.91231,0.75608,0.71425,0.8428,0.12925,1,1,0.91256,NaN,NaN,NaN,NaN,NaN,NaN,NaN
268,487,418,160.56,0,43.751,36.056,0.8241,5.3281,32.427,39.702,59.72,93.951,56.45,27.536,1,3,7,0.27834,0.35914,0.36225,0.49323,0.37324,0.088929,1,0.24629,0.26064,NaN,NaN,NaN,NaN,NaN,NaN,NaN
270,144,438,107.65,0,47.67,46.174,0.9686,5.1233,16.201,27.212,43.014,59.811,36.56,19.01,2,4,13,0.9814,0.96979,0.93028,0.82315,0.92615,0.072073,0.89132,0.94076,0.78532,NaN,NaN,NaN,NaN,NaN,NaN,NaN
271,452,450,137.35,0,60.496,51.662,0.85399,5.6063,32.66,41.386,51.12,88.355,53.38,24.505,1,2,10,0.67749,0.4395,0.44378,0.53232,0.52327,0.11136,1,0.99478,0.48476,NaN,NaN,NaN,NaN,NaN,NaN,NaN
275,480,464,131.5,0,77.402,69.426,0.89696,3.1269,23.73,34.692,55.648,102.27,54.084,34.744,2,3,7,0.59889,0.5512,0.42488,0.43676,0.50293,0.085652,0.67749,0.68548,0.58846,NaN,NaN,NaN,NaN,NaN,NaN,NaN
276,185,463,129.9,0,86.11,79.511,0.92337,3.8253,21.096,26.461,37.24,60.343,36.285,17.387,1,4,11,0.98396,0.98422,0.9211,0.81555,0.92621,0.079523,1,0.97667,0.93277,NaN,NaN,NaN,NaN,NaN,NaN,NaN
278,84,478,14.25,0,66.995,65,0.97022,5.2195,50.16,53.514,58.886,70.386,58.237,8.8612,1,1,8,0.98139,0.91105,0.90725,0.87959,0.91982,0.043374,1,1,0.69168,NaN,NaN,NaN,NaN,NaN,NaN,NaN
279,205,475,136.61,0,103.16,100.45,0.97374,4.5419,24.7,26.431,35.755,65.175,38.015,18.746,1,7,10,0.99671,0.98981,0.9608,0.92458,0.96797,0.032846,1,0.95371,0.93653,NaN,NaN,NaN,NaN,NaN,NaN,NaN
281,486,449,84.144,0,40.686,39.205,0.96359,5.7208,23.586,35.503,56.967,98.965,53.755,33.154,2,3,8,0.87408,0.79804,0.41579,0.4608,0.63718,0.23247,0.67749,0.4845,0.41881,NaN,NaN,NaN,NaN,NaN,NaN,NaN
282,126,460,115.77,0,33.653,32.202,0.9569,5.1106,25.191,31.125,44.974,62.321,40.903,16.51,1,4,10,0.9814,0.51253,0.70834,0.80528,0.75189,0.19554,1,0.94076,0.75111,NaN,NaN,NaN,NaN,NaN,NaN,NaN
283,18,457,137.42,0,52.164,50.249,0.9633,5.9333,15.824,29.184,46.679,75.338,41.756,25.707,3,3,7,0.99985,0.87477,0.67094,0.64601,0.79789,0.16919,0.99852,0.99852,0.91326,NaN,NaN,NaN,NaN,NaN,NaN,NaN
286,261,487,131.7,0,76.792,73.661,0.95923,5.25,38.375,49.884,66.019,89.493,60.943,22.155,1,2,5,0.97022,0.96705,0.93067,0.89893,0.94172,0.033699,1,0.99998,0.97251,NaN,NaN,NaN,NaN,NaN,NaN,NaN
287,13,489,129.29,0,30.73,28.425,0.925,3.458,24.709,41.387,64.339,95.008,56.361,30.46,1,2,5,0.99792,0.70638,0.66719,0.78478,0.78907,0.14757,1,0.97877,0.89374,NaN,NaN,NaN,NaN,NaN,NaN,NaN
289,32,449,140.12,0,124.36,95.131,0.76495,5.3148,22.665,31.188,41.325,65.994,40.293,18.755,2,4,11,0.99792,0.87196,0.67475,0.7562,0.82521,0.14073,0.99889,0.86787,0.72618,NaN,NaN,NaN,NaN,NaN,NaN,NaN
291,14,472,141.12,0,40.798,39.825,0.97615,5.3223,16.277,31.719,53.149,84.33,46.369,29.48,2,4,7,0.98995,0.88617,0.67647,0.6939,0.81162,0.15219,0.99792,0.98692,0.91326,NaN,NaN,NaN,NaN,NaN,NaN,NaN
292,175,479,146.89,0,30.175,27.459,0.91,4.0948,24.567,30.062,39.577,64.566,39.693,17.703,1,4,11,0.99314,0.98411,0.94089,0.83226,0.9376,0.073835,1,0.95433,0.93277,NaN,NaN,NaN,NaN,NaN,NaN,NaN
293,197,501,123.31,0,43.123,41.881,0.97119,4.4484,23.31,29.395,43.404,76.069,43.045,23.569,1,4,9,0.94401,0.9314,0.96497,0.80301,0.91085,0.073213,1,0.92094,0.92984,NaN,NaN,NaN,NaN,NaN,NaN,NaN
294,420,492,83.367,0,45.44,43.29,0.95267,6.508,28.411,43.959,67.378,104.25,61.001,32.985,1,2,5,0.95791,0.79748,0.70284,0.55969,0.75448,0.16717,1,0.9915,0.73764,NaN,NaN,NaN,NaN,NaN,NaN,NaN
295,458,503,107.53,0,63.217,59.775,0.94554,3.6576,37.535,43.297,68.247,117.87,66.737,36.601,1,1,6,0.9915,0.67326,0.40722,0.5211,0.64827,0.25345,1,1,0.73008,NaN,NaN,NaN,NaN,NaN,NaN,NaN
296,233,483,131.37,0,94.501,89.275,0.9447,5.041,28.044,31.364,45.994,75.963,45.341,21.853,1,4,8,0.96881,0.96662,0.95883,0.91176,0.9515,0.026841,1,0.96893,0.95949,NaN,NaN,NaN,NaN,NaN,NaN,NaN
300,216,505,117.35,0,34.382,32.65,0.94961,4.1056,23.61,31.91,46.528,82.533,46.145,26.043,1,4,8,0.99013,0.9862,0.97628,0.81024,0.94072,0.087175,1,0.96705,0.95949,NaN,NaN,NaN,NaN,NaN,NaN,NaN
305,423,509,90.843,0,70.204,68.007,0.96871,3.0476,26.387,47.784,75.555,115.32,66.263,38.405,1,2,6,0.91242,0.74177,0.67516,0.54967,0.71975,0.15113,1,0.9915,0.73008,NaN,NaN,NaN,NaN,NaN,NaN,NaN
314,449,83,88.568,0,41.758,40.012,0.95821,4.5824,40.977,53.035,67.431,90.801,63.061,21.423,1,1,6,0.8532,0.89328,0.73605,0.83636,0.82972,0.066854,1,1,0.58954,NaN,NaN,NaN,NaN,NaN,NaN,NaN
